{"id":1,"status":"Not a Problem","severity":"Error","severityCode":2,"state":"Existing","code":"RH.LEAK","title":"Resource leak","message":"Resource acquired to \u0027cwd.desc\u0027 at line 200 may be lost here. Also there are 7 similar errors on line(s) 233, 249, 311, 333, 375, 440, 692.","file":"cvs\\src\\add.c","method":"add","owner":"Jordan","taxonomyName":"C and C++","dateOriginated":1345644754032,"url":"http://localhost:8082/review/insight-review.html#goto:project\u003dCVS,pid\u003d1"}
{"id":2,"status":"Not a Problem","severity":"Error","severityCode":2,"state":"Existing","code":"RH.LEAK","title":"Resource leak","message":"Resource acquired to \u0027cwd.desc\u0027 at line 761 may be lost here. Also there are 2 similar errors on line(s) 877, 893.","file":"cvs\\src\\add.c","method":"add_directory","owner":"Jordan","taxonomyName":"C and C++","dateOriginated":1345644754032,"url":"http://localhost:8082/review/insight-review.html#goto:project\u003dCVS,pid\u003d2"}
{"id":4,"status":"Analyze","severity":"Error","severityCode":2,"state":"Existing","code":"MLK.MIGHT","title":"Memory Leak - possible","message":"Possible memory leak. Dynamic memory stored in \u0027message\u0027 allocated through function \u0027xmalloc\u0027 at line 791 can be lost at line 898","file":"cvs\\src\\add.c","method":"add_directory","owner":"Jordan","taxonomyName":"C and C++","dateOriginated":1345644754032,"url":"http://localhost:8082/review/insight-review.html#goto:project\u003dCVS,pid\u003d4"}
{"id":6,"status":"Analyze","severity":"Error","severityCode":2,"state":"Existing","code":"RH.LEAK","title":"Resource leak","message":"Resource acquired to \u0027fp\u0027 at line 925 may be lost here.","file":"cvs\\src\\add.c","method":"build_entry","owner":"Jordan","taxonomyName":"C and C++","dateOriginated":1345644754032,"url":"http://localhost:8082/review/insight-review.html#goto:project\u003dCVS,pid\u003d6"}
{"id":8,"status":"Fix","severity":"Error","severityCode":2,"state":"Existing","code":"MLK.MIGHT","title":"Memory Leak - possible","message":"Possible memory leak. Dynamic memory stored in \u0027vers-\u003evn_rcs\u0027 allocated through function \u0027Version_TS\u0027 at line 344 can be lost at line 344. Also there is one similar error on line 712.","file":"cvs\\src\\add.c","method":"add","owner":"Jordan","taxonomyName":"C and C++","dateOriginated":1345644754032,"url":"http://localhost:8082/review/insight-review.html#goto:project\u003dCVS,pid\u003d8"}
{"id":10,"status":"Analyze","severity":"Error","severityCode":2,"state":"Existing","code":"MLK.MIGHT","title":"Memory Leak - possible","message":"Possible memory leak. Dynamic memory stored in \u0027vers-\u003etag\u0027 allocated through function \u0027Version_TS\u0027 at line 344 can be lost at line 344. Also there is one similar error on line 712.","file":"cvs\\src\\add.c","method":"add","owner":"Jordan","taxonomyName":"C and C++","dateOriginated":1345644754032,"url":"http://localhost:8082/review/insight-review.html#goto:project\u003dCVS,pid\u003d10"}
{"id":12,"status":"Analyze","severity":"Warning","severityCode":3,"state":"Existing","code":"UNREACH.GEN","title":"Unreachable code","message":"Code is unreachable","file":"cvs\\src\\add.c","method":"add","owner":"Jordan","taxonomyName":"C and C++","dateOriginated":1345644754032,"url":"http://localhost:8082/review/insight-review.html#goto:project\u003dCVS,pid\u003d12"}
{"id":14,"status":"Analyze","severity":"Error","severityCode":2,"state":"Existing","code":"MLK.MIGHT","title":"Memory Leak - possible","message":"Possible memory leak. Dynamic memory stored in \u0027vers-\u003ets_conflict\u0027 allocated through function \u0027Version_TS\u0027 at line 344 can be lost at line 344. Also there is one similar error on line 712.","file":"cvs\\src\\add.c","method":"add","owner":"Jordan","taxonomyName":"C and C++","dateOriginated":1345644754032,"url":"http://localhost:8082/review/insight-review.html#goto:project\u003dCVS,pid\u003d14"}
{"id":16,"status":"Analyze","severity":"Error","severityCode":2,"state":"Existing","code":"MLK.MIGHT","title":"Memory Leak - possible","message":"Possible memory leak. Dynamic memory stored in \u0027tag\u0027 allocated through function \u0027ParseTag\u0027 at line 752 can be lost at line 764. Also there are 2 similar errors on line(s) 769, 898.","file":"cvs\\src\\add.c","method":"add_directory","owner":"Jordan","taxonomyName":"C and C++","dateOriginated":1345644754032,"url":"http://localhost:8082/review/insight-review.html#goto:project\u003dCVS,pid\u003d16"}
{"id":17,"status":"Analyze","severity":"Error","severityCode":2,"state":"Existing","code":"MLK.MIGHT","title":"Memory Leak - possible","message":"Possible memory leak. Dynamic memory stored in \u0027date\u0027 allocated through function \u0027ParseTag\u0027 at line 752 can be lost at line 764. Also there are 2 similar errors on line(s) 769, 898.","file":"cvs\\src\\add.c","method":"add_directory","owner":"Jordan","taxonomyName":"C and C++","dateOriginated":1345644754032,"url":"http://localhost:8082/review/insight-review.html#goto:project\u003dCVS,pid\u003d17"}
{"id":18,"status":"Analyze","severity":"Error","severityCode":2,"state":"Existing","code":"MLK.MIGHT","title":"Memory Leak - possible","message":"Possible memory leak. Dynamic memory stored in \u0027vers-\u003evn_tag\u0027 allocated through function \u0027Version_TS\u0027 at line 344 can be lost at line 344. Also there is one similar error on line 712.","file":"cvs\\src\\add.c","method":"add","owner":"Jordan","taxonomyName":"C and C++","dateOriginated":1345644754032,"url":"http://localhost:8082/review/insight-review.html#goto:project\u003dCVS,pid\u003d18"}
{"id":20,"status":"Analyze","severity":"Error","severityCode":2,"state":"Existing","code":"MLK.MIGHT","title":"Memory Leak - possible","message":"Possible memory leak. Dynamic memory stored in \u0027vers-\u003edate\u0027 allocated through function \u0027Version_TS\u0027 at line 344 can be lost at line 344. Also there is one similar error on line 712.","file":"cvs\\src\\add.c","method":"add","owner":"Jordan","taxonomyName":"C and C++","dateOriginated":1345644754032,"url":"http://localhost:8082/review/insight-review.html#goto:project\u003dCVS,pid\u003d20"}
{"id":21,"status":"Analyze","severity":"Error","severityCode":2,"state":"Existing","code":"MLK.MIGHT","title":"Memory Leak - possible","message":"Possible memory leak. Dynamic memory stored in \u0027vers-\u003eoptions\u0027 allocated through function \u0027Version_TS\u0027 at line 344 can be lost at line 344. Also there is one similar error on line 712.","file":"cvs\\src\\add.c","method":"add","owner":"Jordan","taxonomyName":"C and C++","dateOriginated":1345644754032,"url":"http://localhost:8082/review/insight-review.html#goto:project\u003dCVS,pid\u003d21"}
{"id":22,"status":"Analyze","severity":"Error","severityCode":2,"state":"Existing","code":"MLK.MIGHT","title":"Memory Leak - possible","message":"Possible memory leak. Dynamic memory stored in \u0027options\u0027 allocated through function \u0027RCS_check_kflag\u0027 at line 78 can be lost at line 160","file":"cvs\\src\\add.c","method":"add","owner":"Jordan","taxonomyName":"C and C++","dateOriginated":1345644754032,"url":"http://localhost:8082/review/insight-review.html#goto:project\u003dCVS,pid\u003d22"}
{"id":23,"status":"Analyze","severity":"Error","severityCode":2,"state":"Existing","code":"MLK.MIGHT","title":"Memory Leak - possible","message":"Possible memory leak. Dynamic memory stored in \u0027attrs\u0027 allocated through function \u0027fileattr_getall\u0027 at line 757 can be lost at line 764. Also there are 3 similar errors on line(s) 769, 889, 898.","file":"cvs\\src\\add.c","method":"add_directory","owner":"Jordan","taxonomyName":"C and C++","dateOriginated":1345644754032,"url":"http://localhost:8082/review/insight-review.html#goto:project\u003dCVS,pid\u003d23"}
{"id":24,"status":"Analyze","severity":"Error","severityCode":2,"state":"Existing","code":"MLK.MIGHT","title":"Memory Leak - possible","message":"Possible memory leak. Dynamic memory stored in \u0027vers-\u003ets_rcs\u0027 allocated through function \u0027Version_TS\u0027 at line 344 can be lost at line 344. Also there is one similar error on line 712.","file":"cvs\\src\\add.c","method":"add","owner":"Jordan","taxonomyName":"C and C++","dateOriginated":1345644754032,"url":"http://localhost:8082/review/insight-review.html#goto:project\u003dCVS,pid\u003d24"}
{"id":26,"status":"Analyze","severity":"Error","severityCode":2,"state":"Existing","code":"MLK.MIGHT","title":"Memory Leak - possible","message":"Possible memory leak. Dynamic memory stored in \u0027branch\u0027 allocated through function \u0027RCS_whatbranch\u0027 at line 665 can be lost at line 677","file":"cvs\\src\\admin.c","method":"admin_fileproc","owner":"gfisher","taxonomyName":"C and C++","dateOriginated":1345644754032,"url":"http://localhost:8082/review/insight-review.html#goto:project\u003dCVS,pid\u003d26"}
{"id":28,"status":"Analyze","severity":"Critical","severityCode":1,"state":"Existing","code":"NPD.GEN.MIGHT","title":"Null pointer may be dereferenced","message":"Null pointer \u0027admin_data.av\u0027 that comes from line 225 may be dereferenced at line 496.","file":"cvs\\src\\admin.c","method":"admin","owner":"gfisher","taxonomyName":"C and C++","dateOriginated":1345644754032,"url":"http://localhost:8082/review/insight-review.html#goto:project\u003dCVS,pid\u003d28"}
{"id":29,"status":"Analyze","severity":"Critical","severityCode":1,"state":"Existing","code":"NPD.CONST.CALL","title":"NULL is passed to function that can dereference it","message":"Constant NULL may be dereferenced by passing argument 2 to function \u0027RCS_rewrite\u0027 at line 976.","file":"cvs\\src\\admin.c","method":"admin_fileproc","owner":"gfisher","taxonomyName":"C and C++","dateOriginated":1345644754032,"url":"http://localhost:8082/review/insight-review.html#goto:project\u003dCVS,pid\u003d29"}
{"id":32,"status":"Analyze","severity":"Review","severityCode":4,"state":"Existing","code":"PRECISION.LOSS","title":"Loss of Precision","message":"Conversion from int to char may cause loss of data","file":"cvs\\src\\admin.c","method":"arg_add","owner":"gfisher","taxonomyName":"C and C++","dateOriginated":1345644754032,"url":"http://localhost:8082/review/insight-review.html#goto:project\u003dCVS,pid\u003d32"}
{"id":34,"status":"Analyze","severity":"Error","severityCode":2,"state":"Existing","code":"MLK.MIGHT","title":"Memory Leak - possible","message":"Possible memory leak. Dynamic memory stored in \u0027date\u0027 allocated through function \u0027Make_Date\u0027 at line 75 can be lost at line 75","file":"cvs\\src\\annotate.c","method":"annotate","owner":"gfisher","taxonomyName":"C and C++","dateOriginated":1345644754032,"url":"http://localhost:8082/review/insight-review.html#goto:project\u003dCVS,pid\u003d34"}
{"id":35,"status":"Analyze","severity":"Error","severityCode":2,"state":"Existing","code":"MLK.MIGHT","title":"Memory Leak - possible","message":"Possible memory leak. Dynamic memory stored in \u0027where\u0027 allocated through function \u0027xmalloc\u0027 at line 168 can be lost at line 214","file":"cvs\\src\\annotate.c","method":"rannotate_proc","owner":"gfisher","taxonomyName":"C and C++","dateOriginated":1345644754032,"url":"http://localhost:8082/review/insight-review.html#goto:project\u003dCVS,pid\u003d35"}
{"id":37,"status":"Analyze","severity":"Review","severityCode":4,"state":"Existing","code":"PRECISION.LOSS","title":"Loss of Precision","message":"Conversion from int to char may cause loss of data. Also there is one similar error on line 267.","file":"cvs\\src\\buffer.c","method":"buf_append_char","owner":"cxu","taxonomyName":"C and C++","dateOriginated":1345644754032,"url":"http://localhost:8082/review/insight-review.html#goto:project\u003dCVS,pid\u003d37"}
{"id":41,"status":"Analyze","severity":"Critical","severityCode":1,"state":"Existing","code":"NPD.CONST.CALL","title":"NULL is passed to function that can dereference it","message":"Constant NULL may be dereferenced by passing argument 2 to function \u0027RCS_rewrite\u0027 at line 154.","file":"cvs\\src\\checkin.c","method":"Checkin","owner":"azukich","taxonomyName":"C and C++","dateOriginated":1345644754032,"url":"http://localhost:8082/review/insight-review.html#goto:project\u003dCVS,pid\u003d41"}
{"id":42,"status":"Analyze","severity":"Critical","severityCode":1,"state":"Existing","code":"RNPD.CALL","title":"Suspicious dereference of pointer in function call before NULL check","message":"Suspicious dereference of pointer \u0027options\u0027 by passing argument 1 to function \u0027strcmp\u0027 at line 63 before NULL check at line 76","file":"cvs\\src\\checkin.c","method":"Checkin","owner":"azukich","taxonomyName":"C and C++","dateOriginated":1345644754032,"url":"http://localhost:8082/review/insight-review.html#goto:project\u003dCVS,pid\u003d42"}
{"id":43,"status":"Analyze","severity":"Warning","severityCode":3,"state":"Existing","code":"UNREACH.GEN","title":"Unreachable code","message":"Code is unreachable","file":"cvs\\src\\checkin.c","method":"Checkin","owner":"azukich","taxonomyName":"C and C++","dateOriginated":1345644754032,"url":"http://localhost:8082/review/insight-review.html#goto:project\u003dCVS,pid\u003d43"}
{"id":46,"status":"Analyze","severity":"Critical","severityCode":1,"state":"Existing","code":"RNPD.CALL","title":"Suspicious dereference of pointer in function call before NULL check","message":"Suspicious dereference of pointer \u0027vers-\u003esrcfile\u0027 by passing argument 1 to function \u0027RCS_isdead\u0027 at line 222 before NULL check at line 368","file":"cvs\\src\\classify.c","method":"Classify_File","owner":"Jordan","taxonomyName":"C and C++","dateOriginated":1345644754032,"url":"http://localhost:8082/review/insight-review.html#goto:project\u003dCVS,pid\u003d46"}
{"id":47,"status":"Ignore","severity":"Error","severityCode":2,"state":"Existing","code":"MLK.MIGHT","title":"Memory Leak - possible","message":"Possible memory leak. Dynamic memory stored in \u0027temp_filename\u0027 allocated through function \u0027xmalloc\u0027 at line 1572 can be lost at line 1569","file":"cvs\\src\\client.c","method":"update_entries","owner":"Jordan","taxonomyName":"C and C++","dateOriginated":1345644754032,"url":"http://localhost:8082/review/insight-review.html#goto:project\u003dCVS,pid\u003d47"}
{"id":48,"status":"Ignore","severity":"Error","severityCode":2,"state":"Existing","code":"MLK.MIGHT","title":"Memory Leak - possible","message":"Possible memory leak. Dynamic memory stored in \u0027buf\u0027 allocated through function \u0027xmalloc\u0027 at line 1585 can be lost at line 1569","file":"cvs\\src\\client.c","method":"update_entries","owner":"Jordan","taxonomyName":"C and C++","dateOriginated":1345644754032,"url":"http://localhost:8082/review/insight-review.html#goto:project\u003dCVS,pid\u003d48"}
{"id":49,"status":"Analyze","severity":"Critical","severityCode":1,"state":"Existing","code":"NPD.FUNC.MUST","title":"Result of function that may return NULL will be dereferenced","message":"Pointer \u0027opt\u0027 returned from call to function \u0027wrap_rcsoption\u0027 at line 4432 may be NULL and will be dereferenced at line 4433.","file":"cvs\\src\\client.c","method":"send_fileproc","owner":"Jordan","taxonomyName":"C and C++","dateOriginated":1345644754032,"url":"http://localhost:8082/review/insight-review.html#goto:project\u003dCVS,pid\u003d49"}
{"id":50,"status":"Ignore","severity":"Critical","severityCode":1,"state":"Existing","code":"ABV.GENERAL","title":"Buffer Overflow - Array Index Out of Bounds","message":"Array \u0027gzip_level_buf\u0027 of size 5 may use index value(s) 0..10. Also there is one similar error on line 4115.","file":"cvs\\src\\client.c","method":"start_server","owner":"Jordan","taxonomyName":"C and C++","dateOriginated":1345644754032,"url":"http://localhost:8082/review/insight-review.html#goto:project\u003dCVS,pid\u003d50"}
{"id":51,"status":"Ignore","severity":"Error","severityCode":2,"state":"Existing","code":"RH.LEAK","title":"Resource leak","message":"Resource acquired to \u0027e\u0027 at line 1771 may be lost here.","file":"cvs\\src\\client.c","method":"update_entries","owner":"Jordan","taxonomyName":"C and C++","dateOriginated":1345644754032,"url":"http://localhost:8082/review/insight-review.html#goto:project\u003dCVS,pid\u003d51"}
{"id":55,"status":"Ignore","severity":"Error","severityCode":2,"state":"Existing","code":"SV.TAINTED.LOOP_BOUND","title":"Use of Unvalidated Integer in Loop Condition","message":"Unvalidated integer value \u0027size\u0027 is received from an external function through a call to \u0027atoi\u0027 at line 2757 which can be used in a loop condition at line 2765. Use of unvalidated input for a loop condition can lead to a denial of service condition. Check integers for reasonable limits.","file":"cvs\\src\\client.c","method":"handle_mbinary","owner":"Jordan","taxonomyName":"C and C++","dateOriginated":1345644754032,"url":"http://localhost:8082/review/insight-review.html#goto:project\u003dCVS,pid\u003d55"}
{"id":57,"status":"Ignore","severity":"Critical","severityCode":1,"state":"Existing","code":"SV.STRBO.UNBOUND_SPRINTF","title":"Buffer Overflow in Unbound sprintf","message":"function \u0027sprintf\u0027 does not check buffer boundaries but outputs to the buffer \u0027buf\u0027 of fixed size (18)","file":"cvs\\src\\client.c","method":"mode_to_string","owner":"Jordan","taxonomyName":"C and C++","dateOriginated":1345644754032,"url":"http://localhost:8082/review/insight-review.html#goto:project\u003dCVS,pid\u003d57"}
{"id":58,"status":"Ignore","severity":"Critical","severityCode":1,"state":"Existing","code":"SV.STRBO.UNBOUND_SPRINTF","title":"Buffer Overflow in Unbound sprintf","message":"function \u0027sprintf\u0027 does not check buffer boundaries but outputs to the buffer \u0027buf\u0027 of fixed size (10)","file":"cvs\\src\\client.c","method":"send_max_dotdot","owner":"Jordan","taxonomyName":"C and C++","dateOriginated":1345644754032,"url":"http://localhost:8082/review/insight-review.html#goto:project\u003dCVS,pid\u003d58"}
{"id":59,"status":"Ignore","severity":"Error","severityCode":2,"state":"Existing","code":"RH.LEAK","title":"Resource leak","message":"Resource acquired to \u0027fd\u0027 at line 1614 may be lost here. Also there is one similar error on line 1643.","file":"cvs\\src\\client.c","method":"update_entries","owner":"Jordan","taxonomyName":"C and C++","dateOriginated":1345644754032,"url":"http://localhost:8082/review/insight-review.html#goto:project\u003dCVS,pid\u003d59"}
{"id":60,"status":"Ignore","severity":"Error","severityCode":2,"state":"Existing","code":"RH.LEAK","title":"Resource leak","message":"Resource acquired to \u0027fd\u0027 at line 4250 may be lost here. Also there is one similar error on line 4299.","file":"cvs\\src\\client.c","method":"send_modified","owner":"Jordan","taxonomyName":"C and C++","dateOriginated":1345644754032,"url":"http://localhost:8082/review/insight-review.html#goto:project\u003dCVS,pid\u003d60"}
{"id":61,"status":"Ignore","severity":"Review","severityCode":4,"state":"Existing","code":"PRECISION.LOSS","title":"Loss of Precision","message":"Conversion from off_t to size_t may cause loss of data","file":"cvs\\src\\client.c","method":"send_modified","owner":"Jordan","taxonomyName":"C and C++","dateOriginated":1345644754032,"url":"http://localhost:8082/review/insight-review.html#goto:project\u003dCVS,pid\u003d61"}
{"id":62,"status":"Ignore","severity":"Review","severityCode":4,"state":"Existing","code":"VA_UNUSED.GEN","title":"Value is Never Used after Assignment","message":"Value of \u0027change_it_back\u0027 is never used after assignment","file":"cvs\\src\\client.c","method":"update_entries","owner":"Jordan","taxonomyName":"C and C++","dateOriginated":1345644754032,"url":"http://localhost:8082/review/insight-review.html#goto:project\u003dCVS,pid\u003d62"}
{"id":64,"status":"Ignore","severity":"Review","severityCode":4,"state":"Existing","code":"PRECISION.LOSS","title":"Loss of Precision","message":"Conversion from int to char may cause loss of data","file":"cvs\\src\\client.c","method":"client_notify","owner":"Jordan","taxonomyName":"C and C++","dateOriginated":1345644754032,"url":"http://localhost:8082/review/insight-review.html#goto:project\u003dCVS,pid\u003d64"}
{"id":68,"status":"Ignore","severity":"Review","severityCode":4,"state":"Existing","code":"VA_UNUSED.GEN","title":"Value is Never Used after Assignment","message":"Value of \u0027to_server\u0027 is never used after assignment","file":"cvs\\src\\client.c","method":"connect_to_pserver","owner":"Jordan","taxonomyName":"C and C++","dateOriginated":1345644754032,"url":"http://localhost:8082/review/insight-review.html#goto:project\u003dCVS,pid\u003d68"}
{"id":69,"status":"Ignore","severity":"Critical","severityCode":1,"state":"Existing","code":"NPD.FUNC.MUST","title":"Result of function that may return NULL will be dereferenced","message":"Pointer \u0027this_root\u0027 returned from call to function \u0027Name_Root\u0027 at line 206 may be NULL and will be dereferenced at line 207. Also there is one similar error on line 219.","file":"cvs\\src\\client.c","method":"arg_should_not_be_sent_to_server","owner":"Jordan","taxonomyName":"C and C++","dateOriginated":1345644754032,"url":"http://localhost:8082/review/insight-review.html#goto:project\u003dCVS,pid\u003d69"}
{"id":71,"status":"Ignore","severity":"Review","severityCode":4,"state":"Existing","code":"VA_UNUSED.GEN","title":"Value is Never Used after Assignment","message":"Value of \u0027from_server\u0027 is never used after assignment","file":"cvs\\src\\client.c","method":"connect_to_pserver","owner":"Jordan","taxonomyName":"C and C++","dateOriginated":1345644754032,"url":"http://localhost:8082/review/insight-review.html#goto:project\u003dCVS,pid\u003d71"}
{"id":72,"status":"Ignore","severity":"Warning","severityCode":3,"state":"Existing","code":"UNREACH.GEN","title":"Unreachable code","message":"Code is unreachable","file":"cvs\\src\\client.c","method":"start_server","owner":"Jordan","taxonomyName":"C and C++","dateOriginated":1345644754032,"url":"http://localhost:8082/review/insight-review.html#goto:project\u003dCVS,pid\u003d72"}
{"id":73,"status":"Ignore","severity":"Error","severityCode":2,"state":"Existing","code":"MLK.MUST","title":"Memory Leak","message":"Memory leak. Dynamic memory stored in \u0027password\u0027 allocated through function \u0027get_cvs_password\u0027 at line 3600 is lost at line 3632. Also there is one similar error on line 3632.","file":"cvs\\src\\client.c","method":"auth_server","owner":"Jordan","taxonomyName":"C and C++","dateOriginated":1345644754032,"url":"http://localhost:8082/review/insight-review.html#goto:project\u003dCVS,pid\u003d73"}
{"id":74,"status":"Ignore","severity":"Critical","severityCode":1,"state":"Existing","code":"SV.STRBO.UNBOUND_SPRINTF","title":"Buffer Overflow in Unbound sprintf","message":"function \u0027sprintf\u0027 does not check buffer boundaries but outputs to the buffer \u0027gzip_level_buf\u0027 of fixed size (5). Also there is one similar error on line 4115.","file":"cvs\\src\\client.c","method":"start_server","owner":"Jordan","taxonomyName":"C and C++","dateOriginated":1345644754032,"url":"http://localhost:8082/review/insight-review.html#goto:project\u003dCVS,pid\u003d74"}
{"id":75,"status":"Ignore","severity":"Error","severityCode":2,"state":"Existing","code":"SV.TAINTED.CALL.INDEX_ACCESS","title":"Use of Unvalidated Integer as Array Index by Function Call","message":"Unvalidated integer value \u0027size\u0027 is received from an external function through a call to \u0027atoi\u0027 at line 1469 which can be used to access an array through call to \u0027rcs_change_text\u0027 at line 1707. Use of unvalidated user input for array index can lead to a buffer overflow and denial of service condition. Check integers for reasonable limits.","file":"cvs\\src\\client.c","method":"update_entries","owner":"Jordan","taxonomyName":"C and C++","dateOriginated":1345644754032,"url":"http://localhost:8082/review/insight-review.html#goto:project\u003dCVS,pid\u003d75"}
{"id":78,"status":"Ignore","severity":"Warning","severityCode":3,"state":"Existing","code":"UNREACH.GEN","title":"Unreachable code","message":"Code is unreachable","file":"cvs\\src\\client.c","method":"auth_server","owner":"Jordan","taxonomyName":"C and C++","dateOriginated":1345644754032,"url":"http://localhost:8082/review/insight-review.html#goto:project\u003dCVS,pid\u003d78"}
{"id":79,"status":"Ignore","severity":"Critical","severityCode":1,"state":"Existing","code":"RNPD.CALL","title":"Suspicious dereference of pointer in function call before NULL check","message":"Suspicious dereference of pointer \u0027options\u0027 by passing argument 1 to function \u0027strchr\u0027 at line 1435 before NULL check at line 1594","file":"cvs\\src\\client.c","method":"update_entries","owner":"Jordan","taxonomyName":"C and C++","dateOriginated":1345644754032,"url":"http://localhost:8082/review/insight-review.html#goto:project\u003dCVS,pid\u003d79"}
{"id":80,"status":"Ignore","severity":"Warning","severityCode":3,"state":"Existing","code":"ASSIGCOND.CALL","title":"Assignment in condition (call)","message":"Assignment in condition, call","file":"cvs\\src\\client.c","method":"send_file_names","owner":"Jordan","taxonomyName":"C and C++","dateOriginated":1345644754032,"url":"http://localhost:8082/review/insight-review.html#goto:project\u003dCVS,pid\u003d80"}
{"id":81,"status":"Ignore","severity":"Warning","severityCode":3,"state":"Existing","code":"ASSIGCOND.CALL","title":"Assignment in condition (call)","message":"Assignment in condition, call","file":"cvs\\src\\client.c","method":"send_file_names","owner":"Jordan","taxonomyName":"C and C++","dateOriginated":1345644754032,"url":"http://localhost:8082/review/insight-review.html#goto:project\u003dCVS,pid\u003d81"}
{"id":84,"status":"Ignore","severity":"Error","severityCode":2,"state":"Existing","code":"RH.LEAK","title":"Resource leak","message":"Resource acquired to \u0027fp\u0027 at line 1189 may be lost here.","file":"cvs\\src\\client.c","method":"read_counted_file","owner":"Jordan","taxonomyName":"C and C++","dateOriginated":1345644754032,"url":"http://localhost:8082/review/insight-review.html#goto:project\u003dCVS,pid\u003d84"}
{"id":85,"status":"Ignore","severity":"Error","severityCode":2,"state":"Existing","code":"SV.TAINTED.CALL.LOOP_BOUND","title":"Use of Unvalidated Integer in Loop Condition through a Function Call","message":"Unvalidated integer value \u0027size\u0027 is received from an external function through a call to \u0027atoi\u0027 at line 1469 which can be used in a loop condition through a call to \u0027gunzip_and_write\u0027 at line 1638. Use of unvalidated input for a loop condition can lead to a denial of service condition. Check integers for reasonable limits.","file":"cvs\\src\\client.c","method":"update_entries","owner":"Jordan","taxonomyName":"C and C++","dateOriginated":1345644754032,"url":"http://localhost:8082/review/insight-review.html#goto:project\u003dCVS,pid\u003d85"}
{"id":86,"status":"Ignore","severity":"Review","severityCode":4,"state":"Existing","code":"SV.TOCTOU.FILE_ACCESS","title":"Time of Creation/Time of Use Race condition in File Access","message":"function \u0027chmod\u0027 operates on file names and is vulnerable to race conditions. Files can be manipulated by attackers between creation and access time.","file":"cvs\\src\\client.c","method":"change_mode","owner":"Jordan","taxonomyName":"C and C++","dateOriginated":1345644754032,"url":"http://localhost:8082/review/insight-review.html#goto:project\u003dCVS,pid\u003d86"}
{"id":87,"status":"Ignore","severity":"Error","severityCode":2,"state":"Existing","code":"RH.LEAK","title":"Resource leak","message":"Resource acquired to \u0027f\u0027 at line 2140 may be lost here.","file":"cvs\\src\\client.c","method":"set_sticky","owner":"Jordan","taxonomyName":"C and C++","dateOriginated":1345644754032,"url":"http://localhost:8082/review/insight-review.html#goto:project\u003dCVS,pid\u003d87"}
{"id":88,"status":"Ignore","severity":"Error","severityCode":2,"state":"Existing","code":"RH.LEAK","title":"Resource leak","message":"Resource acquired to \u0027e\u0027 at line 1736 may be lost here.","file":"cvs\\src\\client.c","method":"update_entries","owner":"Jordan","taxonomyName":"C and C++","dateOriginated":1345644754032,"url":"http://localhost:8082/review/insight-review.html#goto:project\u003dCVS,pid\u003d88"}
{"id":90,"status":"Ignore","severity":"Error","severityCode":2,"state":"Existing","code":"RH.LEAK","title":"Resource leak","message":"Resource acquired to \u0027sock\u0027 at line 3443 may be lost here. Also there are 3 similar errors on line(s) 3469, 3497, 3544.","file":"cvs\\src\\client.c","method":"connect_to_pserver","owner":"Jordan","taxonomyName":"C and C++","dateOriginated":1345644754032,"url":"http://localhost:8082/review/insight-review.html#goto:project\u003dCVS,pid\u003d90"}
{"id":92,"status":"Ignore","severity":"Critical","severityCode":1,"state":"Existing","code":"ABV.GENERAL","title":"Buffer Overflow - Array Index Out of Bounds","message":"Array \u0027buf\u0027 of size 10 may use index value(s) 0..10","file":"cvs\\src\\client.c","method":"send_max_dotdot","owner":"Jordan","taxonomyName":"C and C++","dateOriginated":1345644754032,"url":"http://localhost:8082/review/insight-review.html#goto:project\u003dCVS,pid\u003d92"}
{"id":93,"status":"Analyze","severity":"Error","severityCode":2,"state":"Existing","code":"RH.LEAK","title":"Resource leak","message":"Resource acquired to \u0027fp\u0027 at line 627 may be lost here.","file":"cvs\\src\\commit.c","method":"commit","owner":"Jordan","taxonomyName":"C and C++","dateOriginated":1345644754032,"url":"http://localhost:8082/review/insight-review.html#goto:project\u003dCVS,pid\u003d93"}
{"id":94,"status":"Analyze","severity":"Error","severityCode":2,"state":"Existing","code":"MLK.MIGHT","title":"Memory Leak - possible","message":"Possible memory leak. Dynamic memory stored in \u0027desc\u0027 allocated through function \u0027expand_string\u0027 at line 2085 can be lost at line 2101. Also there is one similar error on line 2101.","file":"cvs\\src\\commit.c","method":"checkaddfile","owner":"Jordan","taxonomyName":"C and C++","dateOriginated":1345644754032,"url":"http://localhost:8082/review/insight-review.html#goto:project\u003dCVS,pid\u003d94"}
{"id":96,"status":"Analyze","severity":"Critical","severityCode":1,"state":"Existing","code":"NPD.FUNC.MUST","title":"Result of function that may return NULL will be dereferenced","message":"Pointer \u0027cp\u0027 returned from call to function \u0027strrchr\u0027 at line 764 may be NULL and will be dereferenced at line 765.","file":"cvs\\src\\commit.c","method":"classify_file_internal","owner":"Jordan","taxonomyName":"C and C++","dateOriginated":1345644754032,"url":"http://localhost:8082/review/insight-review.html#goto:project\u003dCVS,pid\u003d96"}
{"id":97,"status":"Analyze","severity":"Error","severityCode":2,"state":"Existing","code":"MLK.MIGHT","title":"Memory Leak - possible","message":"Possible memory leak. Dynamic memory stored in \u0027rev\u0027 allocated through function \u0027RCS_whatbranch\u0027 at line 1773 can be lost at line 1822. Also there is one similar error on line 1843.","file":"cvs\\src\\commit.c","method":"remove_file","owner":"Jordan","taxonomyName":"C and C++","dateOriginated":1345644754032,"url":"http://localhost:8082/review/insight-review.html#goto:project\u003dCVS,pid\u003d97"}
{"id":99,"status":"Analyze","severity":"Critical","severityCode":1,"state":"Existing","code":"NPD.CONST.CALL","title":"NULL is passed to function that can dereference it","message":"Constant NULL may be dereferenced by passing argument 2 to function \u0027RCS_rewrite\u0027 at line 1759.","file":"cvs\\src\\commit.c","method":"remove_file","owner":"Jordan","taxonomyName":"C and C++","dateOriginated":1345644754032,"url":"http://localhost:8082/review/insight-review.html#goto:project\u003dCVS,pid\u003d99"}
{"id":100,"status":"Analyze","severity":"Critical","severityCode":1,"state":"Existing","code":"NPD.CONST.CALL","title":"NULL is passed to function that can dereference it","message":"Constant NULL may be dereferenced by passing argument 2 to function \u0027RCS_rewrite\u0027 at line 1811.","file":"cvs\\src\\commit.c","method":"remove_file","owner":"Jordan","taxonomyName":"C and C++","dateOriginated":1345644754032,"url":"http://localhost:8082/review/insight-review.html#goto:project\u003dCVS,pid\u003d100"}
