<?xml version="1.0" encoding="utf-8"?><Objects><Object><severity>Error</severity><owner>Jordan</owner><code>RH.LEAK</code><method>add</method><title>Resource leak</title><message>Resource acquired to &apos;cwd.desc&apos; at line 200 may be lost here. Also there are 7 similar errors on line(s) 233, 249, 311, 333, 375, 440, 692.</message><dateOriginated>1345644754032</dateOriginated><url>http://localhost:8082/review/insight-review.html#goto:project=CVS,pid=1</url><file>cvs\src\add.c</file><id>1</id><severityCode>2</severityCode><state>Existing</state><status>Not a Problem</status><taxonomyName>C and C++</taxonomyName></Object><Object><severity>Error</severity><owner>Jordan</owner><code>RH.LEAK</code><method>add_directory</method><title>Resource leak</title><message>Resource acquired to &apos;cwd.desc&apos; at line 761 may be lost here. Also there are 2 similar errors on line(s) 877, 893.</message><dateOriginated>1345644754032</dateOriginated><url>http://localhost:8082/review/insight-review.html#goto:project=CVS,pid=2</url><file>cvs\src\add.c</file><id>2</id><severityCode>2</severityCode><state>Existing</state><status>Not a Problem</status><taxonomyName>C and C++</taxonomyName></Object><Object><severity>Error</severity><owner>Jordan</owner><code>MLK.MIGHT</code><method>add_directory</method><title>Memory Leak - possible</title><message>Possible memory leak. Dynamic memory stored in &apos;message&apos; allocated through function &apos;xmalloc&apos; at line 791 can be lost at line 898</message><dateOriginated>1345644754032</dateOriginated><url>http://localhost:8082/review/insight-review.html#goto:project=CVS,pid=4</url><file>cvs\src\add.c</file><id>4</id><severityCode>2</severityCode><state>Existing</state><status>Analyze</status><taxonomyName>C and C++</taxonomyName></Object><Object><severity>Error</severity><owner>Jordan</owner><code>RH.LEAK</code><method>build_entry</method><title>Resource leak</title><message>Resource acquired to &apos;fp&apos; at line 925 may be lost here.</message><dateOriginated>1345644754032</dateOriginated><url>http://localhost:8082/review/insight-review.html#goto:project=CVS,pid=6</url><file>cvs\src\add.c</file><id>6</id><severityCode>2</severityCode><state>Existing</state><status>Analyze</status><taxonomyName>C and C++</taxonomyName></Object><Object><severity>Error</severity><owner>Jordan</owner><code>MLK.MIGHT</code><method>add</method><title>Memory Leak - possible</title><message>Possible memory leak. Dynamic memory stored in &apos;vers-&gt;vn_rcs&apos; allocated through function &apos;Version_TS&apos; at line 344 can be lost at line 344. Also there is one similar error on line 712.</message><dateOriginated>1345644754032</dateOriginated><url>http://localhost:8082/review/insight-review.html#goto:project=CVS,pid=8</url><file>cvs\src\add.c</file><id>8</id><severityCode>2</severityCode><state>Existing</state><status>Fix</status><taxonomyName>C and C++</taxonomyName></Object><Object><severity>Error</severity><owner>Jordan</owner><code>MLK.MIGHT</code><method>add</method><title>Memory Leak - possible</title><message>Possible memory leak. Dynamic memory stored in &apos;vers-&gt;tag&apos; allocated through function &apos;Version_TS&apos; at line 344 can be lost at line 344. Also there is one similar error on line 712.</message><dateOriginated>1345644754032</dateOriginated><url>http://localhost:8082/review/insight-review.html#goto:project=CVS,pid=10</url><file>cvs\src\add.c</file><id>10</id><severityCode>2</severityCode><state>Existing</state><status>Analyze</status><taxonomyName>C and C++</taxonomyName></Object><Object><severity>Warning</severity><owner>Jordan</owner><code>UNREACH.GEN</code><method>add</method><title>Unreachable code</title><message>Code is unreachable</message><dateOriginated>1345644754032</dateOriginated><url>http://localhost:8082/review/insight-review.html#goto:project=CVS,pid=12</url><file>cvs\src\add.c</file><id>12</id><severityCode>3</severityCode><state>Existing</state><status>Analyze</status><taxonomyName>C and C++</taxonomyName></Object><Object><severity>Error</severity><owner>Jordan</owner><code>MLK.MIGHT</code><method>add</method><title>Memory Leak - possible</title><message>Possible memory leak. Dynamic memory stored in &apos;vers-&gt;ts_conflict&apos; allocated through function &apos;Version_TS&apos; at line 344 can be lost at line 344. Also there is one similar error on line 712.</message><dateOriginated>1345644754032</dateOriginated><url>http://localhost:8082/review/insight-review.html#goto:project=CVS,pid=14</url><file>cvs\src\add.c</file><id>14</id><severityCode>2</severityCode><state>Existing</state><status>Analyze</status><taxonomyName>C and C++</taxonomyName></Object><Object><severity>Error</severity><owner>Jordan</owner><code>MLK.MIGHT</code><method>add_directory</method><title>Memory Leak - possible</title><message>Possible memory leak. Dynamic memory stored in &apos;tag&apos; allocated through function &apos;ParseTag&apos; at line 752 can be lost at line 764. Also there are 2 similar errors on line(s) 769, 898.</message><dateOriginated>1345644754032</dateOriginated><url>http://localhost:8082/review/insight-review.html#goto:project=CVS,pid=16</url><file>cvs\src\add.c</file><id>16</id><severityCode>2</severityCode><state>Existing</state><status>Analyze</status><taxonomyName>C and C++</taxonomyName></Object><Object><severity>Error</severity><owner>Jordan</owner><code>MLK.MIGHT</code><method>add_directory</method><title>Memory Leak - possible</title><message>Possible memory leak. Dynamic memory stored in &apos;date&apos; allocated through function &apos;ParseTag&apos; at line 752 can be lost at line 764. Also there are 2 similar errors on line(s) 769, 898.</message><dateOriginated>1345644754032</dateOriginated><url>http://localhost:8082/review/insight-review.html#goto:project=CVS,pid=17</url><file>cvs\src\add.c</file><id>17</id><severityCode>2</severityCode><state>Existing</state><status>Analyze</status><taxonomyName>C and C++</taxonomyName></Object><Object><severity>Error</severity><owner>Jordan</owner><code>MLK.MIGHT</code><method>add</method><title>Memory Leak - possible</title><message>Possible memory leak. Dynamic memory stored in &apos;vers-&gt;vn_tag&apos; allocated through function &apos;Version_TS&apos; at line 344 can be lost at line 344. Also there is one similar error on line 712.</message><dateOriginated>1345644754032</dateOriginated><url>http://localhost:8082/review/insight-review.html#goto:project=CVS,pid=18</url><file>cvs\src\add.c</file><id>18</id><severityCode>2</severityCode><state>Existing</state><status>Analyze</status><taxonomyName>C and C++</taxonomyName></Object><Object><severity>Error</severity><owner>Jordan</owner><code>MLK.MIGHT</code><method>add</method><title>Memory Leak - possible</title><message>Possible memory leak. Dynamic memory stored in &apos;vers-&gt;date&apos; allocated through function &apos;Version_TS&apos; at line 344 can be lost at line 344. Also there is one similar error on line 712.</message><dateOriginated>1345644754032</dateOriginated><url>http://localhost:8082/review/insight-review.html#goto:project=CVS,pid=20</url><file>cvs\src\add.c</file><id>20</id><severityCode>2</severityCode><state>Existing</state><status>Analyze</status><taxonomyName>C and C++</taxonomyName></Object><Object><severity>Error</severity><owner>Jordan</owner><code>MLK.MIGHT</code><method>add</method><title>Memory Leak - possible</title><message>Possible memory leak. Dynamic memory stored in &apos;vers-&gt;options&apos; allocated through function &apos;Version_TS&apos; at line 344 can be lost at line 344. Also there is one similar error on line 712.</message><dateOriginated>1345644754032</dateOriginated><url>http://localhost:8082/review/insight-review.html#goto:project=CVS,pid=21</url><file>cvs\src\add.c</file><id>21</id><severityCode>2</severityCode><state>Existing</state><status>Analyze</status><taxonomyName>C and C++</taxonomyName></Object><Object><severity>Error</severity><owner>Jordan</owner><code>MLK.MIGHT</code><method>add</method><title>Memory Leak - possible</title><message>Possible memory leak. Dynamic memory stored in &apos;options&apos; allocated through function &apos;RCS_check_kflag&apos; at line 78 can be lost at line 160</message><dateOriginated>1345644754032</dateOriginated><url>http://localhost:8082/review/insight-review.html#goto:project=CVS,pid=22</url><file>cvs\src\add.c</file><id>22</id><severityCode>2</severityCode><state>Existing</state><status>Analyze</status><taxonomyName>C and C++</taxonomyName></Object><Object><severity>Error</severity><owner>Jordan</owner><code>MLK.MIGHT</code><method>add_directory</method><title>Memory Leak - possible</title><message>Possible memory leak. Dynamic memory stored in &apos;attrs&apos; allocated through function &apos;fileattr_getall&apos; at line 757 can be lost at line 764. Also there are 3 similar errors on line(s) 769, 889, 898.</message><dateOriginated>1345644754032</dateOriginated><url>http://localhost:8082/review/insight-review.html#goto:project=CVS,pid=23</url><file>cvs\src\add.c</file><id>23</id><severityCode>2</severityCode><state>Existing</state><status>Analyze</status><taxonomyName>C and C++</taxonomyName></Object><Object><severity>Error</severity><owner>Jordan</owner><code>MLK.MIGHT</code><method>add</method><title>Memory Leak - possible</title><message>Possible memory leak. Dynamic memory stored in &apos;vers-&gt;ts_rcs&apos; allocated through function &apos;Version_TS&apos; at line 344 can be lost at line 344. Also there is one similar error on line 712.</message><dateOriginated>1345644754032</dateOriginated><url>http://localhost:8082/review/insight-review.html#goto:project=CVS,pid=24</url><file>cvs\src\add.c</file><id>24</id><severityCode>2</severityCode><state>Existing</state><status>Analyze</status><taxonomyName>C and C++</taxonomyName></Object><Object><severity>Error</severity><owner>gfisher</owner><code>MLK.MIGHT</code><method>admin_fileproc</method><title>Memory Leak - possible</title><message>Possible memory leak. Dynamic memory stored in &apos;branch&apos; allocated through function &apos;RCS_whatbranch&apos; at line 665 can be lost at line 677</message><dateOriginated>1345644754032</dateOriginated><url>http://localhost:8082/review/insight-review.html#goto:project=CVS,pid=26</url><file>cvs\src\admin.c</file><id>26</id><severityCode>2</severityCode><state>Existing</state><status>Analyze</status><taxonomyName>C and C++</taxonomyName></Object><Object><severity>Critical</severity><owner>gfisher</owner><code>NPD.GEN.MIGHT</code><method>admin</method><title>Null pointer may be dereferenced</title><message>Null pointer &apos;admin_data.av&apos; that comes from line 225 may be dereferenced at line 496.</message><dateOriginated>1345644754032</dateOriginated><url>http://localhost:8082/review/insight-review.html#goto:project=CVS,pid=28</url><file>cvs\src\admin.c</file><id>28</id><severityCode>1</severityCode><state>Existing</state><status>Analyze</status><taxonomyName>C and C++</taxonomyName></Object><Object><severity>Critical</severity><owner>gfisher</owner><code>NPD.CONST.CALL</code><method>admin_fileproc</method><title>NULL is passed to function that can dereference it</title><message>Constant NULL may be dereferenced by passing argument 2 to function &apos;RCS_rewrite&apos; at line 976.</message><dateOriginated>1345644754032</dateOriginated><url>http://localhost:8082/review/insight-review.html#goto:project=CVS,pid=29</url><file>cvs\src\admin.c</file><id>29</id><severityCode>1</severityCode><state>Existing</state><status>Analyze</status><taxonomyName>C and C++</taxonomyName></Object><Object><severity>Review</severity><owner>gfisher</owner><code>PRECISION.LOSS</code><method>arg_add</method><title>Loss of Precision</title><message>Conversion from int to char may cause loss of data</message><dateOriginated>1345644754032</dateOriginated><url>http://localhost:8082/review/insight-review.html#goto:project=CVS,pid=32</url><file>cvs\src\admin.c</file><id>32</id><severityCode>4</severityCode><state>Existing</state><status>Analyze</status><taxonomyName>C and C++</taxonomyName></Object><Object><severity>Error</severity><owner>gfisher</owner><code>MLK.MIGHT</code><method>annotate</method><title>Memory Leak - possible</title><message>Possible memory leak. Dynamic memory stored in &apos;date&apos; allocated through function &apos;Make_Date&apos; at line 75 can be lost at line 75</message><dateOriginated>1345644754032</dateOriginated><url>http://localhost:8082/review/insight-review.html#goto:project=CVS,pid=34</url><file>cvs\src\annotate.c</file><id>34</id><severityCode>2</severityCode><state>Existing</state><status>Analyze</status><taxonomyName>C and C++</taxonomyName></Object><Object><severity>Error</severity><owner>gfisher</owner><code>MLK.MIGHT</code><method>rannotate_proc</method><title>Memory Leak - possible</title><message>Possible memory leak. Dynamic memory stored in &apos;where&apos; allocated through function &apos;xmalloc&apos; at line 168 can be lost at line 214</message><dateOriginated>1345644754032</dateOriginated><url>http://localhost:8082/review/insight-review.html#goto:project=CVS,pid=35</url><file>cvs\src\annotate.c</file><id>35</id><severityCode>2</severityCode><state>Existing</state><status>Analyze</status><taxonomyName>C and C++</taxonomyName></Object><Object><severity>Review</severity><owner>cxu</owner><code>PRECISION.LOSS</code><method>buf_append_char</method><title>Loss of Precision</title><message>Conversion from int to char may cause loss of data. Also there is one similar error on line 267.</message><dateOriginated>1345644754032</dateOriginated><url>http://localhost:8082/review/insight-review.html#goto:project=CVS,pid=37</url><file>cvs\src\buffer.c</file><id>37</id><severityCode>4</severityCode><state>Existing</state><status>Analyze</status><taxonomyName>C and C++</taxonomyName></Object><Object><severity>Critical</severity><owner>azukich</owner><code>NPD.CONST.CALL</code><method>Checkin</method><title>NULL is passed to function that can dereference it</title><message>Constant NULL may be dereferenced by passing argument 2 to function &apos;RCS_rewrite&apos; at line 154.</message><dateOriginated>1345644754032</dateOriginated><url>http://localhost:8082/review/insight-review.html#goto:project=CVS,pid=41</url><file>cvs\src\checkin.c</file><id>41</id><severityCode>1</severityCode><state>Existing</state><status>Analyze</status><taxonomyName>C and C++</taxonomyName></Object><Object><severity>Critical</severity><owner>azukich</owner><code>RNPD.CALL</code><method>Checkin</method><title>Suspicious dereference of pointer in function call before NULL check</title><message>Suspicious dereference of pointer &apos;options&apos; by passing argument 1 to function &apos;strcmp&apos; at line 63 before NULL check at line 76</message><dateOriginated>1345644754032</dateOriginated><url>http://localhost:8082/review/insight-review.html#goto:project=CVS,pid=42</url><file>cvs\src\checkin.c</file><id>42</id><severityCode>1</severityCode><state>Existing</state><status>Analyze</status><taxonomyName>C and C++</taxonomyName></Object><Object><severity>Warning</severity><owner>azukich</owner><code>UNREACH.GEN</code><method>Checkin</method><title>Unreachable code</title><message>Code is unreachable</message><dateOriginated>1345644754032</dateOriginated><url>http://localhost:8082/review/insight-review.html#goto:project=CVS,pid=43</url><file>cvs\src\checkin.c</file><id>43</id><severityCode>3</severityCode><state>Existing</state><status>Analyze</status><taxonomyName>C and C++</taxonomyName></Object><Object><severity>Critical</severity><owner>Jordan</owner><code>RNPD.CALL</code><method>Classify_File</method><title>Suspicious dereference of pointer in function call before NULL check</title><message>Suspicious dereference of pointer &apos;vers-&gt;srcfile&apos; by passing argument 1 to function &apos;RCS_isdead&apos; at line 222 before NULL check at line 368</message><dateOriginated>1345644754032</dateOriginated><url>http://localhost:8082/review/insight-review.html#goto:project=CVS,pid=46</url><file>cvs\src\classify.c</file><id>46</id><severityCode>1</severityCode><state>Existing</state><status>Analyze</status><taxonomyName>C and C++</taxonomyName></Object><Object><severity>Error</severity><owner>Jordan</owner><code>MLK.MIGHT</code><method>update_entries</method><title>Memory Leak - possible</title><message>Possible memory leak. Dynamic memory stored in &apos;temp_filename&apos; allocated through function &apos;xmalloc&apos; at line 1572 can be lost at line 1569</message><dateOriginated>1345644754032</dateOriginated><url>http://localhost:8082/review/insight-review.html#goto:project=CVS,pid=47</url><file>cvs\src\client.c</file><id>47</id><severityCode>2</severityCode><state>Existing</state><status>Ignore</status><taxonomyName>C and C++</taxonomyName></Object><Object><severity>Error</severity><owner>Jordan</owner><code>MLK.MIGHT</code><method>update_entries</method><title>Memory Leak - possible</title><message>Possible memory leak. Dynamic memory stored in &apos;buf&apos; allocated through function &apos;xmalloc&apos; at line 1585 can be lost at line 1569</message><dateOriginated>1345644754032</dateOriginated><url>http://localhost:8082/review/insight-review.html#goto:project=CVS,pid=48</url><file>cvs\src\client.c</file><id>48</id><severityCode>2</severityCode><state>Existing</state><status>Ignore</status><taxonomyName>C and C++</taxonomyName></Object><Object><severity>Critical</severity><owner>Jordan</owner><code>NPD.FUNC.MUST</code><method>send_fileproc</method><title>Result of function that may return NULL will be dereferenced</title><message>Pointer &apos;opt&apos; returned from call to function &apos;wrap_rcsoption&apos; at line 4432 may be NULL and will be dereferenced at line 4433.</message><dateOriginated>1345644754032</dateOriginated><url>http://localhost:8082/review/insight-review.html#goto:project=CVS,pid=49</url><file>cvs\src\client.c</file><id>49</id><severityCode>1</severityCode><state>Existing</state><status>Analyze</status><taxonomyName>C and C++</taxonomyName></Object><Object><severity>Critical</severity><owner>Jordan</owner><code>ABV.GENERAL</code><method>start_server</method><title>Buffer Overflow - Array Index Out of Bounds</title><message>Array &apos;gzip_level_buf&apos; of size 5 may use index value(s) 0..10. Also there is one similar error on line 4115.</message><dateOriginated>1345644754032</dateOriginated><url>http://localhost:8082/review/insight-review.html#goto:project=CVS,pid=50</url><file>cvs\src\client.c</file><id>50</id><severityCode>1</severityCode><state>Existing</state><status>Ignore</status><taxonomyName>C and C++</taxonomyName></Object><Object><severity>Error</severity><owner>Jordan</owner><code>RH.LEAK</code><method>update_entries</method><title>Resource leak</title><message>Resource acquired to &apos;e&apos; at line 1771 may be lost here.</message><dateOriginated>1345644754032</dateOriginated><url>http://localhost:8082/review/insight-review.html#goto:project=CVS,pid=51</url><file>cvs\src\client.c</file><id>51</id><severityCode>2</severityCode><state>Existing</state><status>Ignore</status><taxonomyName>C and C++</taxonomyName></Object><Object><severity>Error</severity><owner>Jordan</owner><code>SV.TAINTED.LOOP_BOUND</code><method>handle_mbinary</method><title>Use of Unvalidated Integer in Loop Condition</title><message>Unvalidated integer value &apos;size&apos; is received from an external function through a call to &apos;atoi&apos; at line 2757 which can be used in a loop condition at line 2765. Use of unvalidated input for a loop condition can lead to a denial of service condition. Check integers for reasonable limits.</message><dateOriginated>1345644754032</dateOriginated><url>http://localhost:8082/review/insight-review.html#goto:project=CVS,pid=55</url><file>cvs\src\client.c</file><id>55</id><severityCode>2</severityCode><state>Existing</state><status>Ignore</status><taxonomyName>C and C++</taxonomyName></Object><Object><severity>Critical</severity><owner>Jordan</owner><code>SV.STRBO.UNBOUND_SPRINTF</code><method>mode_to_string</method><title>Buffer Overflow in Unbound sprintf</title><message>function &apos;sprintf&apos; does not check buffer boundaries but outputs to the buffer &apos;buf&apos; of fixed size (18)</message><dateOriginated>1345644754032</dateOriginated><url>http://localhost:8082/review/insight-review.html#goto:project=CVS,pid=57</url><file>cvs\src\client.c</file><id>57</id><severityCode>1</severityCode><state>Existing</state><status>Ignore</status><taxonomyName>C and C++</taxonomyName></Object><Object><severity>Critical</severity><owner>Jordan</owner><code>SV.STRBO.UNBOUND_SPRINTF</code><method>send_max_dotdot</method><title>Buffer Overflow in Unbound sprintf</title><message>function &apos;sprintf&apos; does not check buffer boundaries but outputs to the buffer &apos;buf&apos; of fixed size (10)</message><dateOriginated>1345644754032</dateOriginated><url>http://localhost:8082/review/insight-review.html#goto:project=CVS,pid=58</url><file>cvs\src\client.c</file><id>58</id><severityCode>1</severityCode><state>Existing</state><status>Ignore</status><taxonomyName>C and C++</taxonomyName></Object><Object><severity>Error</severity><owner>Jordan</owner><code>RH.LEAK</code><method>update_entries</method><title>Resource leak</title><message>Resource acquired to &apos;fd&apos; at line 1614 may be lost here. Also there is one similar error on line 1643.</message><dateOriginated>1345644754032</dateOriginated><url>http://localhost:8082/review/insight-review.html#goto:project=CVS,pid=59</url><file>cvs\src\client.c</file><id>59</id><severityCode>2</severityCode><state>Existing</state><status>Ignore</status><taxonomyName>C and C++</taxonomyName></Object><Object><severity>Error</severity><owner>Jordan</owner><code>RH.LEAK</code><method>send_modified</method><title>Resource leak</title><message>Resource acquired to &apos;fd&apos; at line 4250 may be lost here. Also there is one similar error on line 4299.</message><dateOriginated>1345644754032</dateOriginated><url>http://localhost:8082/review/insight-review.html#goto:project=CVS,pid=60</url><file>cvs\src\client.c</file><id>60</id><severityCode>2</severityCode><state>Existing</state><status>Ignore</status><taxonomyName>C and C++</taxonomyName></Object><Object><severity>Review</severity><owner>Jordan</owner><code>PRECISION.LOSS</code><method>send_modified</method><title>Loss of Precision</title><message>Conversion from off_t to size_t may cause loss of data</message><dateOriginated>1345644754032</dateOriginated><url>http://localhost:8082/review/insight-review.html#goto:project=CVS,pid=61</url><file>cvs\src\client.c</file><id>61</id><severityCode>4</severityCode><state>Existing</state><status>Ignore</status><taxonomyName>C and C++</taxonomyName></Object><Object><severity>Review</severity><owner>Jordan</owner><code>VA_UNUSED.GEN</code><method>update_entries</method><title>Value is Never Used after Assignment</title><message>Value of &apos;change_it_back&apos; is never used after assignment</message><dateOriginated>1345644754032</dateOriginated><url>http://localhost:8082/review/insight-review.html#goto:project=CVS,pid=62</url><file>cvs\src\client.c</file><id>62</id><severityCode>4</severityCode><state>Existing</state><status>Ignore</status><taxonomyName>C and C++</taxonomyName></Object><Object><severity>Review</severity><owner>Jordan</owner><code>PRECISION.LOSS</code><method>client_notify</method><title>Loss of Precision</title><message>Conversion from int to char may cause loss of data</message><dateOriginated>1345644754032</dateOriginated><url>http://localhost:8082/review/insight-review.html#goto:project=CVS,pid=64</url><file>cvs\src\client.c</file><id>64</id><severityCode>4</severityCode><state>Existing</state><status>Ignore</status><taxonomyName>C and C++</taxonomyName></Object><Object><severity>Review</severity><owner>Jordan</owner><code>VA_UNUSED.GEN</code><method>connect_to_pserver</method><title>Value is Never Used after Assignment</title><message>Value of &apos;to_server&apos; is never used after assignment</message><dateOriginated>1345644754032</dateOriginated><url>http://localhost:8082/review/insight-review.html#goto:project=CVS,pid=68</url><file>cvs\src\client.c</file><id>68</id><severityCode>4</severityCode><state>Existing</state><status>Ignore</status><taxonomyName>C and C++</taxonomyName></Object><Object><severity>Critical</severity><owner>Jordan</owner><code>NPD.FUNC.MUST</code><method>arg_should_not_be_sent_to_server</method><title>Result of function that may return NULL will be dereferenced</title><message>Pointer &apos;this_root&apos; returned from call to function &apos;Name_Root&apos; at line 206 may be NULL and will be dereferenced at line 207. Also there is one similar error on line 219.</message><dateOriginated>1345644754032</dateOriginated><url>http://localhost:8082/review/insight-review.html#goto:project=CVS,pid=69</url><file>cvs\src\client.c</file><id>69</id><severityCode>1</severityCode><state>Existing</state><status>Ignore</status><taxonomyName>C and C++</taxonomyName></Object><Object><severity>Review</severity><owner>Jordan</owner><code>VA_UNUSED.GEN</code><method>connect_to_pserver</method><title>Value is Never Used after Assignment</title><message>Value of &apos;from_server&apos; is never used after assignment</message><dateOriginated>1345644754032</dateOriginated><url>http://localhost:8082/review/insight-review.html#goto:project=CVS,pid=71</url><file>cvs\src\client.c</file><id>71</id><severityCode>4</severityCode><state>Existing</state><status>Ignore</status><taxonomyName>C and C++</taxonomyName></Object><Object><severity>Warning</severity><owner>Jordan</owner><code>UNREACH.GEN</code><method>start_server</method><title>Unreachable code</title><message>Code is unreachable</message><dateOriginated>1345644754032</dateOriginated><url>http://localhost:8082/review/insight-review.html#goto:project=CVS,pid=72</url><file>cvs\src\client.c</file><id>72</id><severityCode>3</severityCode><state>Existing</state><status>Ignore</status><taxonomyName>C and C++</taxonomyName></Object><Object><severity>Error</severity><owner>Jordan</owner><code>MLK.MUST</code><method>auth_server</method><title>Memory Leak</title><message>Memory leak. Dynamic memory stored in &apos;password&apos; allocated through function &apos;get_cvs_password&apos; at line 3600 is lost at line 3632. Also there is one similar error on line 3632.</message><dateOriginated>1345644754032</dateOriginated><url>http://localhost:8082/review/insight-review.html#goto:project=CVS,pid=73</url><file>cvs\src\client.c</file><id>73</id><severityCode>2</severityCode><state>Existing</state><status>Ignore</status><taxonomyName>C and C++</taxonomyName></Object><Object><severity>Critical</severity><owner>Jordan</owner><code>SV.STRBO.UNBOUND_SPRINTF</code><method>start_server</method><title>Buffer Overflow in Unbound sprintf</title><message>function &apos;sprintf&apos; does not check buffer boundaries but outputs to the buffer &apos;gzip_level_buf&apos; of fixed size (5). Also there is one similar error on line 4115.</message><dateOriginated>1345644754032</dateOriginated><url>http://localhost:8082/review/insight-review.html#goto:project=CVS,pid=74</url><file>cvs\src\client.c</file><id>74</id><severityCode>1</severityCode><state>Existing</state><status>Ignore</status><taxonomyName>C and C++</taxonomyName></Object><Object><severity>Error</severity><owner>Jordan</owner><code>SV.TAINTED.CALL.INDEX_ACCESS</code><method>update_entries</method><title>Use of Unvalidated Integer as Array Index by Function Call</title><message>Unvalidated integer value &apos;size&apos; is received from an external function through a call to &apos;atoi&apos; at line 1469 which can be used to access an array through call to &apos;rcs_change_text&apos; at line 1707. Use of unvalidated user input for array index can lead to a buffer overflow and denial of service condition. Check integers for reasonable limits.</message><dateOriginated>1345644754032</dateOriginated><url>http://localhost:8082/review/insight-review.html#goto:project=CVS,pid=75</url><file>cvs\src\client.c</file><id>75</id><severityCode>2</severityCode><state>Existing</state><status>Ignore</status><taxonomyName>C and C++</taxonomyName></Object><Object><severity>Warning</severity><owner>Jordan</owner><code>UNREACH.GEN</code><method>auth_server</method><title>Unreachable code</title><message>Code is unreachable</message><dateOriginated>1345644754032</dateOriginated><url>http://localhost:8082/review/insight-review.html#goto:project=CVS,pid=78</url><file>cvs\src\client.c</file><id>78</id><severityCode>3</severityCode><state>Existing</state><status>Ignore</status><taxonomyName>C and C++</taxonomyName></Object><Object><severity>Critical</severity><owner>Jordan</owner><code>RNPD.CALL</code><method>update_entries</method><title>Suspicious dereference of pointer in function call before NULL check</title><message>Suspicious dereference of pointer &apos;options&apos; by passing argument 1 to function &apos;strchr&apos; at line 1435 before NULL check at line 1594</message><dateOriginated>1345644754032</dateOriginated><url>http://localhost:8082/review/insight-review.html#goto:project=CVS,pid=79</url><file>cvs\src\client.c</file><id>79</id><severityCode>1</severityCode><state>Existing</state><status>Ignore</status><taxonomyName>C and C++</taxonomyName></Object><Object><severity>Warning</severity><owner>Jordan</owner><code>ASSIGCOND.CALL</code><method>send_file_names</method><title>Assignment in condition (call)</title><message>Assignment in condition, call</message><dateOriginated>1345644754032</dateOriginated><url>http://localhost:8082/review/insight-review.html#goto:project=CVS,pid=80</url><file>cvs\src\client.c</file><id>80</id><severityCode>3</severityCode><state>Existing</state><status>Ignore</status><taxonomyName>C and C++</taxonomyName></Object><Object><severity>Warning</severity><owner>Jordan</owner><code>ASSIGCOND.CALL</code><method>send_file_names</method><title>Assignment in condition (call)</title><message>Assignment in condition, call</message><dateOriginated>1345644754032</dateOriginated><url>http://localhost:8082/review/insight-review.html#goto:project=CVS,pid=81</url><file>cvs\src\client.c</file><id>81</id><severityCode>3</severityCode><state>Existing</state><status>Ignore</status><taxonomyName>C and C++</taxonomyName></Object><Object><severity>Error</severity><owner>Jordan</owner><code>RH.LEAK</code><method>read_counted_file</method><title>Resource leak</title><message>Resource acquired to &apos;fp&apos; at line 1189 may be lost here.</message><dateOriginated>1345644754032</dateOriginated><url>http://localhost:8082/review/insight-review.html#goto:project=CVS,pid=84</url><file>cvs\src\client.c</file><id>84</id><severityCode>2</severityCode><state>Existing</state><status>Ignore</status><taxonomyName>C and C++</taxonomyName></Object><Object><severity>Error</severity><owner>Jordan</owner><code>SV.TAINTED.CALL.LOOP_BOUND</code><method>update_entries</method><title>Use of Unvalidated Integer in Loop Condition through a Function Call</title><message>Unvalidated integer value &apos;size&apos; is received from an external function through a call to &apos;atoi&apos; at line 1469 which can be used in a loop condition through a call to &apos;gunzip_and_write&apos; at line 1638. Use of unvalidated input for a loop condition can lead to a denial of service condition. Check integers for reasonable limits.</message><dateOriginated>1345644754032</dateOriginated><url>http://localhost:8082/review/insight-review.html#goto:project=CVS,pid=85</url><file>cvs\src\client.c</file><id>85</id><severityCode>2</severityCode><state>Existing</state><status>Ignore</status><taxonomyName>C and C++</taxonomyName></Object><Object><severity>Review</severity><owner>Jordan</owner><code>SV.TOCTOU.FILE_ACCESS</code><method>change_mode</method><title>Time of Creation/Time of Use Race condition in File Access</title><message>function &apos;chmod&apos; operates on file names and is vulnerable to race conditions. Files can be manipulated by attackers between creation and access time.</message><dateOriginated>1345644754032</dateOriginated><url>http://localhost:8082/review/insight-review.html#goto:project=CVS,pid=86</url><file>cvs\src\client.c</file><id>86</id><severityCode>4</severityCode><state>Existing</state><status>Ignore</status><taxonomyName>C and C++</taxonomyName></Object><Object><severity>Error</severity><owner>Jordan</owner><code>RH.LEAK</code><method>set_sticky</method><title>Resource leak</title><message>Resource acquired to &apos;f&apos; at line 2140 may be lost here.</message><dateOriginated>1345644754032</dateOriginated><url>http://localhost:8082/review/insight-review.html#goto:project=CVS,pid=87</url><file>cvs\src\client.c</file><id>87</id><severityCode>2</severityCode><state>Existing</state><status>Ignore</status><taxonomyName>C and C++</taxonomyName></Object><Object><severity>Error</severity><owner>Jordan</owner><code>RH.LEAK</code><method>update_entries</method><title>Resource leak</title><message>Resource acquired to &apos;e&apos; at line 1736 may be lost here.</message><dateOriginated>1345644754032</dateOriginated><url>http://localhost:8082/review/insight-review.html#goto:project=CVS,pid=88</url><file>cvs\src\client.c</file><id>88</id><severityCode>2</severityCode><state>Existing</state><status>Ignore</status><taxonomyName>C and C++</taxonomyName></Object><Object><severity>Error</severity><owner>Jordan</owner><code>RH.LEAK</code><method>connect_to_pserver</method><title>Resource leak</title><message>Resource acquired to &apos;sock&apos; at line 3443 may be lost here. Also there are 3 similar errors on line(s) 3469, 3497, 3544.</message><dateOriginated>1345644754032</dateOriginated><url>http://localhost:8082/review/insight-review.html#goto:project=CVS,pid=90</url><file>cvs\src\client.c</file><id>90</id><severityCode>2</severityCode><state>Existing</state><status>Ignore</status><taxonomyName>C and C++</taxonomyName></Object><Object><severity>Critical</severity><owner>Jordan</owner><code>ABV.GENERAL</code><method>send_max_dotdot</method><title>Buffer Overflow - Array Index Out of Bounds</title><message>Array &apos;buf&apos; of size 10 may use index value(s) 0..10</message><dateOriginated>1345644754032</dateOriginated><url>http://localhost:8082/review/insight-review.html#goto:project=CVS,pid=92</url><file>cvs\src\client.c</file><id>92</id><severityCode>1</severityCode><state>Existing</state><status>Ignore</status><taxonomyName>C and C++</taxonomyName></Object><Object><severity>Error</severity><owner>Jordan</owner><code>RH.LEAK</code><method>commit</method><title>Resource leak</title><message>Resource acquired to &apos;fp&apos; at line 627 may be lost here.</message><dateOriginated>1345644754032</dateOriginated><url>http://localhost:8082/review/insight-review.html#goto:project=CVS,pid=93</url><file>cvs\src\commit.c</file><id>93</id><severityCode>2</severityCode><state>Existing</state><status>Analyze</status><taxonomyName>C and C++</taxonomyName></Object><Object><severity>Error</severity><owner>Jordan</owner><code>MLK.MIGHT</code><method>checkaddfile</method><title>Memory Leak - possible</title><message>Possible memory leak. Dynamic memory stored in &apos;desc&apos; allocated through function &apos;expand_string&apos; at line 2085 can be lost at line 2101. Also there is one similar error on line 2101.</message><dateOriginated>1345644754032</dateOriginated><url>http://localhost:8082/review/insight-review.html#goto:project=CVS,pid=94</url><file>cvs\src\commit.c</file><id>94</id><severityCode>2</severityCode><state>Existing</state><status>Analyze</status><taxonomyName>C and C++</taxonomyName></Object><Object><severity>Critical</severity><owner>Jordan</owner><code>NPD.FUNC.MUST</code><method>classify_file_internal</method><title>Result of function that may return NULL will be dereferenced</title><message>Pointer &apos;cp&apos; returned from call to function &apos;strrchr&apos; at line 764 may be NULL and will be dereferenced at line 765.</message><dateOriginated>1345644754032</dateOriginated><url>http://localhost:8082/review/insight-review.html#goto:project=CVS,pid=96</url><file>cvs\src\commit.c</file><id>96</id><severityCode>1</severityCode><state>Existing</state><status>Analyze</status><taxonomyName>C and C++</taxonomyName></Object><Object><severity>Error</severity><owner>Jordan</owner><code>MLK.MIGHT</code><method>remove_file</method><title>Memory Leak - possible</title><message>Possible memory leak. Dynamic memory stored in &apos;rev&apos; allocated through function &apos;RCS_whatbranch&apos; at line 1773 can be lost at line 1822. Also there is one similar error on line 1843.</message><dateOriginated>1345644754032</dateOriginated><url>http://localhost:8082/review/insight-review.html#goto:project=CVS,pid=97</url><file>cvs\src\commit.c</file><id>97</id><severityCode>2</severityCode><state>Existing</state><status>Analyze</status><taxonomyName>C and C++</taxonomyName></Object><Object><severity>Critical</severity><owner>Jordan</owner><code>NPD.CONST.CALL</code><method>remove_file</method><title>NULL is passed to function that can dereference it</title><message>Constant NULL may be dereferenced by passing argument 2 to function &apos;RCS_rewrite&apos; at line 1759.</message><dateOriginated>1345644754032</dateOriginated><url>http://localhost:8082/review/insight-review.html#goto:project=CVS,pid=99</url><file>cvs\src\commit.c</file><id>99</id><severityCode>1</severityCode><state>Existing</state><status>Analyze</status><taxonomyName>C and C++</taxonomyName></Object><Object><severity>Critical</severity><owner>Jordan</owner><code>NPD.CONST.CALL</code><method>remove_file</method><title>NULL is passed to function that can dereference it</title><message>Constant NULL may be dereferenced by passing argument 2 to function &apos;RCS_rewrite&apos; at line 1811.</message><dateOriginated>1345644754032</dateOriginated><url>http://localhost:8082/review/insight-review.html#goto:project=CVS,pid=100</url><file>cvs\src\commit.c</file><id>100</id><severityCode>1</severityCode><state>Existing</state><status>Analyze</status><taxonomyName>C and C++</taxonomyName></Object></Objects>